<?xml version="1.0" encoding="UTF-8"?>
<!DOCTYPE mapper PUBLIC "-//mybatis.org//DTD Mapper 3.0//EN" "http://mybatis.org/dtd/mybatis-3-mapper.dtd">
<mapper namespace="com.mysite.bookkkeureom.feed.DAO.CommentDAO">

    <!-- 새로운 댓글 추가 -->
    <insert id="createComment" parameterType="com.mysite.bookkkeureom.feed.DTO.CommentDTO">
        INSERT INTO comments (user_id, comment_content, comment_created_date, user_img, comment_modify)
        VALUES (#{userId}, #{commentContent}, #{commentCreatedDate}, #{userImg}, #{commentModify})
    </insert>

    <!-- 댓글 조회 -->
    <select id="readComment" parameterType="int" resultType="com.mysite.bookkkeureom.feed.DTO.CommentDTO">
        SELECT * FROM comments WHERE comment_id = #{commentId}
    </select>

    <!-- 댓글 정보 업데이트 -->
    <update id="updateComment" parameterType="com.mysite.bookkkeureom.feed.DTO.CommentDTO">
        UPDATE comments
        SET comment_content = #{commentContent}, comment_created_date = #{commentCreatedDate},
            user_img = #{userImg}, comment_modify = #{commentModify}
        WHERE comment_id = #{commentId}
    </update>

    <!-- 댓글 삭제 -->
    <delete id="deleteComment" parameterType="int">
        DELETE FROM comments WHERE comment_id = #{commentId}
    </delete>

    <!-- 모든 댓글 리스트 조회 -->
    <select id="commentListAll" resultType="com.mysite.bookkkeureom.feed.DTO.CommentDTO">
        SELECT * FROM comments ORDER BY comment_created_date DESC
    </select>

</mapper>
