<!DOCTYPE mapper PUBLIC "-//mybatis.org//DTD Mapper 3.0//EN" "http://mybatis.org/dtd/mybatis-3-mapper.dtd">

<mapper namespace="PostMapper">
	<resultMap id="PostWithUserResultMap"
		type="com.mysite.bookkkeureom.feed.DTO.PostDTO">
		<id property="postId" column="post_id" />
		<result property="postImg" column="post_img" />
		<result property="postTitle" column="post_title" />
		<result property="postSubtitle" column="post_subtitle" />
		<result property="postContent" column="post_content" />
		<result property="postViews" column="post_views" />
		<result property="postLikes" column="post_likes" />
		<result property="postComments" column="post_comments" />
		<result property="createdAt" column="post_created_date" />
		<result property="updatedAt" column="post_updated_date" />
	</resultMap>

	<!-- 포스트 목록 -->
	<select id="getAllPosts" resultMap="PostWithUserResultMap">
		SELECT post_id, post_img, post_title, post_subtitle, post_content,
		post_views, post_likes, post_comments, post_created_date
		FROM Posts
		ORDER BY post_created_date DESC
	</select>

	<!-- 포스트 작성 -->
	<insert id="createPost"
		parameterType="com.mysite.bookkkeureom.feed.DTO.PostDTO">
		INSERT INTO Posts (post_id, post_img, post_title, post_subtitle,
		post_content, post_views, post_likes, post_comments,
		post_created_date, post_updated_date)
		VALUES (POST_ID_SEQ.NEXTVAL, #{postImg}, #{postTitle}, #{postSubtitle},
		#{postContent}, #{postViews}, #{postLikes}, #{postComments},
		#{createdAt}, #{updatedAt})
	</insert>

	<!-- 포스트 상세조회 -->
	<select id="getPostById" resultMap="PostWithUserResultMap"
		parameterType="int">
		SELECT post_id, post_img, post_title, post_subtitle, post_content,
		post_views, post_likes, post_comments, post_created_date
		FROM Posts
		WHERE post_id = #{postId}
	</select>


	<!-- 포스트 수정 -->
	<update id="updatePost"
		parameterType="com.mysite.bookkkeureom.feed.DTO.PostDTO">
		UPDATE Posts
		SET post_img = #{postImg}, post_title = #{postTitle}, post_subtitle =
		#{postSubtitle}, post_content = #{postContent}, post_updated_date =
		#{updatedAt}
		WHERE post_id = #{postId}
	</update>

	<!-- 포스트 삭제 -->
	<delete id="deletePost" parameterType="int">
		DELETE FROM Posts WHERE post_id = #{postId}
	</delete>
</mapper>
